{
  "heading": "How is My Spend Changing Over Time?",
  "dataset": [
    {
      "name": "% of Revenue",
      "color": "#8BC7B1",
      "values": [
        {"name": "T1", "value": 32},
        {"name": "T2", "value": 37},
        {"name": "T3", "value": 28},
        {"name": "T4", "value": 17},
        {"name": "T5", "value": 22},
        {"name": "T6", "value": 39}
      ]
    },
    {
      "name": "Supplier Count",
      "color": "#1391A4",
      "values": [
        {"name": "T1", "value": 1300},
        {"name": "T2", "value": 2500},
        {"name": "T3", "value": 2000},
        {"name": "T4", "value": 3200},
        {"name": "T5", "value": 3000},
        {"name": "T6", "value": 3800}
      ]
    }
  ]
}
