{
  "heading": "Where is My Risk and What is the Likelihood of this Risk Occu",
  "dataset": {
    "colors": ["#ebebeb", "#1592a5"],
    "range": [0, 100],
    "LOW": {
      "LOW" : [
        {"x": 10, "y": 20},
        {"x": 30, "y": 55},
        {"x": 70, "y": 14}
      ],
      "MEDIUM" : [
        {"x": 10, "y": 40}
      ],
      "HIGH" : [
        {"x": 40, "y": 40},
        {"x": 70, "y": 20}
      ]
    },
    "MEDIUM": {
      "LOW" : [
        {"x": 34, "y": 20},
        {"x": 67, "y": 87},
        {"x": 70, "y": 19}
      ],
      "MEDIUM" : [
        {"x": 10, "y": 10},
        {"x": 46, "y": 77},
        {"x": 78, "y": 38},
        {"x": 74, "y": 91},
        {"x": 92, "y": 23},
        {"x": 11, "y": 61},
        {"x": 42, "y": 35},
        {"x": 25, "y": 5}
      ],
      "HIGH" : [
      ]
    },
    "HIGH": {
      "LOW" : [
        {"x": 10, "y": 20},
        {"x": 30, "y": 55},
        {"x": 70, "y": 14}
      ],
      "MEDIUM" : [
        {"x": 26, "y": 52},
        {"x": 33, "y": 30}
      ],
      "HIGH" : [
        {"x": 57, "y": 40},
        {"x": 32, "y": 24},
        {"x": 65, "y": 51}
      ]
    }
  }
}
