{
  "heading": "SoC Heat Map",
  "axisInfo": [
    {
      "yAxisText": "MANAGEMENT LAYER",
      "xAxisText": "DIVISION LEADER"
    }
  ],
  "layers":[
    {
      "row": 1,
      "col": 1,
      "colKey": "S.MARIPURI (HEALTHCARE)",
      "color": "#fff"
    },
    {
      "row": 1,
      "col": 2,
      "colKey": "R.SCHASSLER (MOBILITY)",
      "color": "#fff"
    },
    {
      "row": 1,
      "col": 3,
      "colKey": "R.WEIDEMAN (ENTERPRISE)",
      "color": "#fff"
    },
    {
      "row": 1,
      "col": 4,
      "colKey": "W.Robbins (Sales)",
      "color": "#fff"
    },
    {
      "row": 1,
      "col": 5,
      "colKey": "daniel.t (corp-finance)",
      "color": "#fff"
    },
    {
      "row": 1,
      "col": 6,
      "colKey": "m.rich (imaging)",
      "color": "#fff"
    },
    {
      "row": 1,
      "col": 7,
      "colKey": "vladimir.s (corp-r&d)",
      "color": "#fff"
    },
    {
      "row": 1,
      "col": 8,
      "colKey": "t.brown iV (corp-it)",
      "color": "#fff"
    },
    {
      "row": 1,
      "col": 9,
      "colKey": "d.howart (corp-hr)",
      "color": "#fff"
    },
    {
      "row": 1,
      "col": 10,
      "colKey": "k.siegel (legal)",
      "color": "#fff"
    },
    {
      "row": 1,
      "col": 11,
      "colKey": "r.martel (procure..)",
      "color": "#fff"
    },
    {
      "row": 1,
      "col": 12,
      "colKey": "a.bowden (corp-dev)",
      "color": "#fff"
    },
    {
      "row": 1,
      "col": 13,
      "colKey": "grand total",
      "color": "#fff"
    },
    {
      "row": 2,
      "col": 1,
      "colKey": "S.MARIPURI (HEALTHCARE)",
      "value": 7.5,
      "color": "#8bc7b1"
    },
    {
      "row": 2,
      "col": 2,
      "colKey": "R.SCHASSLER (MOBILITY)",
      "value": 7.3,
      "color": "#8bc7b1"
    },
    {
      "row": 2,
      "col": 3,
      "colKey": "R.WEIDEMAN (ENTERPRISE)",
      "value": 4.6,
      "color": "#f9ac4d"
    },
    {
      "row": 2,
      "col": 4,
      "colKey": "W.Robbins (Sales)",
      "value": 7.8,
      "color": "#8bc7b1"
    },
    {
      "row": 2,
      "col": 5,
      "colKey": "daniel.t (corp-finance)",
      "value": 4.8,
      "color": "#f9ac4d"
    },
    {
      "row": 2,
      "col": 6,
      "colKey": "m.rich (imaging)",
      "value": 6.0,
      "color": "#8bc7b1"
    },
    {
      "row": 2,
      "col": 7,
      "colKey": "vladimir.s (corp-r&d)",
      "value": 7.0,
      "color": "#8bc7b1"
    },
    {
      "row": 2,
      "col": 8,
      "colKey": "t.brown iV (corp-it)",
      "value": 6.0,
      "color": "#8bc7b1"
    },
    {
      "row": 2,
      "col": 9,
      "colKey": "d.howart (corp-hr)",
      "value": 5.3,
      "color": "#f9ac4d"
    },
    {
      "row": 2,
      "col": 10,
      "colKey": "k.siegel (legal)",
      "value": 5.5,
      "color": "#f9ac4d"
    },
    {
      "row": 2,
      "col": 11,
      "colKey": "r.martel (procure..)",
      "value": 3.5,
      "color": "#f9ac4d"
    },
    {
      "row": 2,
      "col": 12,
      "colKey": "a.bowden (corp-dev)",
      "value": 4.0,
      "color": "#f9ac4d"
    },
    {
      "row": 2,
      "col": 13,
      "colKey": "grand total",
      "value": 4.6,
      "color": "#f9ac4d"
    },
    {
      "row": 3,
      "col": 1,
      "colKey": "S.MARIPURI (HEALTHCARE)",
      "value": 5.3,
      "color": "#f9ac4d"
    },
    {
      "row": 3,
      "col": 2,
      "colKey": "R.SCHASSLER (MOBILITY)",
      "value": 4.4,
      "color": "#f9ac4d"
    },
    {
      "row": 3,
      "col": 3,
      "colKey": "R.WEIDEMAN (ENTERPRISE)",
      "value": 5.1,
      "color": "#f9ac4d"
    },
    {
      "row": 3,
      "col": 4,
      "colKey": "W.Robbins (Sales)",
      "value": 5.7,
      "color": "#f9ac4d"
    },
    {
      "row": 3,
      "col": 5,
      "colKey": "daniel.t (corp-finance)",
      "value": 2.7,
      "color": "#fd8c89"
    },
    {
      "row": 3,
      "col": 6,
      "colKey": "m.rich (imaging)",
      "value": 5.2,
      "color": "#f9ac4d"
    },
    {
      "row": 3,
      "col": 7,
      "colKey": "vladimir.s (corp-r&d)",
      "value": 6.5,
      "color": "#8bc7b1"
    },
    {
      "row": 3,
      "col": 8,
      "colKey": "t.brown iV (corp-it)",
      "value": 4.9,
      "color": "#f9ac4d"
    },
    {
      "row": 3,
      "col": 9,
      "colKey": "d.howart (corp-hr)",
      "value": 3.2,
      "color": "#f9ac4d"
    },
    {
      "row": 3,
      "col": 10,
      "colKey": "k.siegel (legal)",
      "value": 3.8,
      "color": "#f9ac4d"
    },
    {
      "row": 3,
      "col": 11,
      "colKey": "r.martel (procure..)",
      "value": 2.7,
      "color": "#fd8c89"
    },
    {
      "row": 3,
      "col": 12,
      "colKey": "a.bowden (corp-dev)",
      "value": 1.0,
      "color": "#fd8c89"
    },
    {
      "row": 3,
      "col": 13,
      "colKey": "grand total",
      "value": 5.1,
      "color": "#f9ac4d"
    },
    {
      "row": 4,
      "col": 1,
      "colKey": "S.MARIPURI (HEALTHCARE)",
      "value": 5.4,
      "color": "#f9ac4d"
    },
    {
      "row": 4,
      "col": 2,
      "colKey": "R.SCHASSLER (MOBILITY)",
      "value": 6.5,
      "color": "#8bc7b1"
    },
    {
      "row": 4,
      "col": 3,
      "colKey": "R.WEIDEMAN (ENTERPRISE)",
      "value": 7.3,
      "color": "#8bc7b1"
    },
    {
      "row": 4,
      "col": 4,
      "colKey": "W.Robbins (Sales)",
      "value": 4.9,
      "color": "#f9ac4d"
    },
    {
      "row": 4,
      "col": 5,
      "colKey": "daniel.t (corp-finance)",
      "value": 3.9,
      "color": "#f9ac4d"
    },
    {
      "row": 4,
      "col": 6,
      "colKey": "m.rich (imaging)",
      "value": 5.4,
      "color": "#f9ac4d"
    },
    {
      "row": 4,
      "col": 7,
      "colKey": "vladimir.s (corp-r&d)",
      "value": 4.8,
      "color": "#f9ac4d"
    },
    {
      "row": 4,
      "col": 8,
      "colKey": "t.brown iV (corp-it)",
      "value": 3.3,
      "color": "#f9ac4d"
    },
    {
      "row": 4,
      "col": 9,
      "colKey": "d.howart (corp-hr)",
      "value": 3.3,
      "color": "#f9ac4d"
    },
    {
      "row": 4,
      "col": 10,
      "colKey": "k.siegel (legal)",
      "value": 1.8,
      "color": "#fd8c89"
    },
    {
      "row": 4,
      "col": 11,
      "colKey": "r.martel (procure..)",
      "value": 4.0,
      "color": "#f9ac4d"
    },
    {
      "row": 4,
      "col": 12,
      "colKey": "a.bowden (corp-dev)",
      "color": "#fff"
    },
    {
      "row": 4,
      "col": 13,
      "colKey": "grand total",
      "value": 7.3,
      "color": "#8bc7b1"
    },
    {
      "row": 5,
      "col": 1,
      "colKey": "S.MARIPURI (HEALTHCARE)",
      "value": 7.5,
      "color": "#8bc7b1"
    },
    {
      "row": 5,
      "col": 2,
      "colKey": "R.SCHASSLER (MOBILITY)",
      "value": 6.3,
      "color": "#8bc7b1"
    },
    {
      "row": 5,
      "col": 3,
      "colKey": "R.WEIDEMAN (ENTERPRISE)",
      "value": 6.6,
      "color": "#8bc7b1"
    },
    {
      "row": 5,
      "col": 4,
      "colKey": "W.Robbins (Sales)",
      "value": 7.8,
      "color": "#8bc7b1"
    },
    {
      "row": 5,
      "col": 5,
      "colKey": "daniel.t (corp-finance)",
      "value": 5.8,
      "color": "#f9ac4d"
    },
    {
      "row": 5,
      "col": 6,
      "colKey": "m.rich (imaging)",
      "value": 4.0,
      "color": "#f9ac4d"
    },
    {
      "row": 5,
      "col": 7,
      "colKey": "vladimir.s (corp-r&d)",
      "value": 5.6,
      "color": "#f9ac4d"
    },
    {
      "row": 5,
      "col": 8,
      "colKey": "t.brown iV (corp-it)",
      "value": 3.9,
      "color": "#f9ac4d"
    },
    {
      "row": 5,
      "col": 9,
      "colKey": "d.howart (corp-hr)",
      "color": "#fff"
    },
    {
      "row": 5,
      "col": 10,
      "colKey": "k.siegel (legal)",
      "value": 3.5,
      "color": "#f9ac4d"
    },
    {
      "row": 5,
      "col": 11,
      "colKey": "r.martel (procure..)",
      "color": "#fff"
    },
    {
      "row": 5,
      "col": 12,
      "colKey": "a.bowden (corp-dev)",
      "color": "#fff"
    },
    {
      "row": 5,
      "col": 13,
      "colKey": "grand total",
      "value": 6.6,
      "color": "#8bc7b1"
    },
    {
      "row": 6,
      "col": 1,
      "colKey": "S.MARIPURI (HEALTHCARE)",
      "value": 5.8,
      "color": "#f9ac4d"
    },
    {
      "row": 6,
      "col": 2,
      "colKey": "R.SCHASSLER (MOBILITY)",
      "value": 4.9,
      "color": "#f9ac4d"
    },
    {
      "row": 6,
      "col": 3,
      "colKey": "R.WEIDEMAN (ENTERPRISE)",
      "value": 7.0,
      "color": "#8bc7b1"
    },
    {
      "row": 6,
      "col": 4,
      "colKey": "W.Robbins (Sales)",
      "color": "#fff"
    },
    {
      "row": 6,
      "col": 5,
      "colKey": "daniel.t (corp-finance)",
      "value": 4.3,
      "color": "#f9ac4d"
    },
    {
      "row": 6,
      "col": 6,
      "colKey": "m.rich (imaging)",
      "value": 1.0,
      "color": "#fd8c89"
    },
    {
      "row": 6,
      "col": 7,
      "colKey": "vladimir.s (corp-r&d)",
      "color": "#fff"
    },
    {
      "row": 6,
      "col": 8,
      "colKey": "t.brown iV (corp-it)",
      "color": "#fff"
    },
    {
      "row": 6,
      "col": 9,
      "colKey": "d.howart (corp-hr)",
      "color": "#fff"
    },
    {
      "row": 6,
      "col": 10,
      "colKey": "k.siegel (legal)",
      "color": "#fff"
    },
    {
      "row": 6,
      "col": 11,
      "colKey": "r.martel (procure..)",
      "color": "#fff"
    },
    {
      "row": 6,
      "col": 12,
      "colKey": "a.bowden (corp-dev)",
      "color": "#fff"
    },
    {
      "row": 6,
      "col": 13,
      "colKey": "grand total",
      "value": 7.0,
      "color": "#8bc7b1"
    },
    {
      "row": 7,
      "col": 1,
      "colKey": "S.MARIPURI (HEALTHCARE)",
      "value": 4.6,
      "color": "#f9ac4d"
    },
    {
      "row": 7,
      "col": 2,
      "colKey": "R.SCHASSLER (MOBILITY)",
      "value": 1.0,
      "color": "#fd8c89"
    },
    {
      "row": 7,
      "col": 3,
      "colKey": "R.WEIDEMAN (ENTERPRISE)",
      "color": "#fff"
    },
    {
      "row": 7,
      "col": 4,
      "colKey": "W.Robbins (Sales)",
      "color": "#fff"
    },
    {
      "row": 7,
      "col": 5,
      "colKey": "daniel.t (corp-finance)",
      "value": 4.6,
      "color": "#f9ac4d"
    },
    {
      "row": 7,
      "col": 6,
      "colKey": "m.rich (imaging)",
      "color": "#fff"
    },
    {
      "row": 7,
      "col": 7,
      "colKey": "vladimir.s (corp-r&d)",
      "color": "#fff"
    },
    {
      "row": 7,
      "col": 8,
      "colKey": "t.brown iV (corp-it)",
      "color": "#fff"
    },
    {
      "row": 7,
      "col": 9,
      "colKey": "d.howart (corp-hr)",
      "color": "#fff"
    },
    {
      "row": 7,
      "col": 10,
      "colKey": "k.siegel (legal)",
      "color": "#fff"
    },
    {
      "row": 7,
      "col": 11,
      "colKey": "r.martel (procure..)",
      "color": "#fff"
    },
    {
      "row": 7,
      "col": 12,
      "colKey": "a.bowden (corp-dev)",
      "color": "#fff"
    },
    {
      "row": 7,
      "col": 13,
      "colKey": "grand total",
      "color": "#fff"
    },
    {
      "row": 8,
      "col": 1,
      "colKey": "S.MARIPURI (HEALTHCARE)",
      "color": "#fff"
    },
    {
      "row": 8,
      "col": 2,
      "colKey": "R.SCHASSLER (MOBILITY)",
      "color": "#fff"
    },
    {
      "row": 8,
      "col": 3,
      "colKey": "R.WEIDEMAN (ENTERPRISE)",
      "color": "#fff"
    },
    {
      "row": 8,
      "col": 4,
      "colKey": "W.Robbins (Sales)",
      "color": "#fff"
    },
    {
      "row": 8,
      "col": 5,
      "colKey": "daniel.t (corp-finance)",
      "value": 3.7,
      "color": "#f9ac4d"
    },
    {
      "row": 8,
      "col": 6,
      "colKey": "m.rich (imaging)",
      "color": "#fff"
    },
    {
      "row": 8,
      "col": 7,
      "colKey": "vladimir.s (corp-r&d)",
      "color": "#fff"
    },
    {
      "row": 8,
      "col": 8,
      "colKey": "t.brown iV (corp-it)",
      "color": "#fff"
    },
    {
      "row": 8,
      "col": 9,
      "colKey": "d.howart (corp-hr)",
      "color": "#fff"
    },
    {
      "row": 8,
      "col": 10,
      "colKey": "k.siegel (legal)",
      "color": "#fff"
    },
    {
      "row": 8,
      "col": 11,
      "colKey": "r.martel (procure..)",
      "color": "#fff"
    },
    {
      "row": 8,
      "col": 12,
      "colKey": "a.bowden (corp-dev)",
      "color": "#fff"
    },
    {
      "row": 8,
      "col": 13,
      "colKey": "grand total",
      "color": "#fff"
    },
    {
      "row": 9,
      "col": 1,
      "colKey": "S.MARIPURI (HEALTHCARE)",
      "color": "#fff"
    },
    {
      "row": 9,
      "col": 2,
      "colKey": "R.SCHASSLER (MOBILITY)",
      "color": "#fff"
    },
    {
      "row": 9,
      "col": 3,
      "colKey": "R.WEIDEMAN (ENTERPRISE)",
      "color": "#fff"
    },
    {
      "row": 9,
      "col": 4,
      "colKey": "W.Robbins (Sales)",
      "color": "#fff"
    },
    {
      "row": 9,
      "col": 5,
      "colKey": "daniel.t (corp-finance)",
      "color": "#fff"
    },
    {
      "row": 9,
      "col": 6,
      "colKey": "m.rich (imaging)",
      "color": "#fff"
    },
    {
      "row": 9,
      "col": 7,
      "colKey": "vladimir.s (corp-r&d)",
      "color": "#fff"
    },
    {
      "row": 9,
      "col": 8,
      "colKey": "t.brown iV (corp-it)",
      "color": "#fff"
    },
    {
      "row": 9,
      "col": 9,
      "colKey": "d.howart (corp-hr)",
      "color": "#fff"
    },
    {
      "row": 9,
      "col": 10,
      "colKey": "k.siegel (legal)",
      "color": "#fff"
    },
    {
      "row": 9,
      "col": 11,
      "colKey": "r.martel (procure..)",
      "color": "#fff"
    },
    {
      "row": 9,
      "col": 12,
      "colKey": "a.bowden (corp-dev)",
      "color": "#fff"
    },
    {
      "row": 9,
      "col": 13,
      "colKey": "grand total",
      "color": "#fff"
    }
  ]
}
