{
  "heading": "Tenure and Compensation",
  "scattePlot": [
    {
      "xValue": 0,
      "yValue": 0,
      "color": "#1592a5"
    },
    {
      "xValue": 0,
      "yValue": 0.01,
      "color": "#1592a5"
    },
    {
      "xValue": 0,
      "yValue": 0.02,
      "color": "#1592a5"
    },
    {
      "xValue": 0,
      "yValue": 0.03,
      "color": "#1592a5"
    },
    {
      "xValue": 0,
      "yValue": 0.08,
      "color": "#1592a5"
    },
    {
      "xValue": 2,
      "yValue": 0.08,
      "color": "#1592a5"
    },
    {
      "xValue": 0,
      "yValue": 0.18,
      "color": "#1592a5"
    },
    {
      "xValue": 1,
      "yValue": 0.18,
      "color": "#1592a5"
    },
    {
      "xValue": 1,
      "yValue": 0.08,
      "color": "#1592a5"
    },
    {
      "xValue": 2,
      "yValue": 0.80,
      "color": "#1592a5"
    },
    {
      "xValue": 2.8,
      "yValue": 0.80,
      "color": "#1592a5"
    },
    {
      "xValue": 0.1,
      "yValue": 0,
      "color": "#1592a5"
    },
    {
      "xValue": 0.2,
      "yValue": 0,
      "color": "#1592a5"
    },
    {
      "xValue": 0.3,
      "yValue": 0,
      "color": "#1592a5"
    },
    {
      "xValue": 0.4,
      "yValue": 0,
      "color": "#1592a5"
    },
    {
      "xValue": 0.5,
      "yValue": 0,
      "color": "#1592a5"
    },
    {
      "xValue": 0.6,
      "yValue": 0,
      "color": "#1592a5"
    },
    {
      "xValue": 0.7,
      "yValue": 0,
      "color": "#1592a5"
    },
    {
      "xValue": 0.8,
      "yValue": 0,
      "color": "#1592a5"
    },
    {
      "xValue": 0.9,
      "yValue": 0,
      "color": "#1592a5"
    },
    {
      "xValue": 1,
      "yValue": 0,
      "color": "#1592a5"
    },
    {
      "xValue": 1.1,
      "yValue": 0,
      "color": "#1592a5"
    },
    {
      "xValue": 1.2,
      "yValue": 0,
      "color": "#1592a5"
    },
    {
      "xValue": 1.3,
      "yValue": 0,
      "color": "#1592a5"
    },
    {
      "xValue": 1.4,
      "yValue": 0,
      "color": "#1592a5"
    },
    {
      "xValue": 1.5,
      "yValue": 0,
      "color": "#1592a5"
    },
    {
      "xValue": 1.6,
      "yValue": 0,
      "color": "#1592a5"
    },
    {
      "xValue": 1.7,
      "yValue": 0,
      "color": "#1592a5"
    },
    {
      "xValue": 1.8,
      "yValue": 0,
      "color": "#1592a5"
    },
    {
      "xValue": 1.9,
      "yValue": 0,
      "color": "#1592a5"
    },
    {
      "xValue": 2,
      "yValue": 0,
      "color": "#1592a5"
    },
    {
      "xValue": 2.1,
      "yValue": 0,
      "color": "#1592a5"
    },
    {
      "xValue": 2.2,
      "yValue": 0,
      "color": "#1592a5"
    },
    {
      "xValue": 2.3,
      "yValue": 0,
      "color": "#1592a5"
    },
    {
      "xValue": 2.4,
      "yValue": 0,
      "color": "#1592a5"
    },
    {
      "xValue": 2.5,
      "yValue": 0,
      "color": "#1592a5"
    },
    {
      "xValue": 2.6,
      "yValue": 0,
      "color": "#1592a5"
    },
    {
      "xValue": 2.7,
      "yValue": 0,
      "color": "#1592a5"
    },
    {
      "xValue": 2.8,
      "yValue": 0,
      "color": "#1592a5"
    },
    {
      "xValue": 2.9,
      "yValue": 0,
      "color": "#1592a5"
    },
    {
      "xValue": 3,
      "yValue": 0,
      "color": "#1592a5"
    },
    {
      "xValue": 3.1,
      "yValue": 0,
      "color": "#1592a5"
    },
    {
      "xValue": 3.2,
      "yValue": 0,
      "color": "#1592a5"
    },
    {
      "xValue": 3.3,
      "yValue": 0,
      "color": "#1592a5"
    },
    {
      "xValue": 3.4,
      "yValue": 0,
      "color": "#1592a5"
    },
    {
      "xValue": 3.5,
      "yValue": 0,
      "color": "#1592a5"
    },
    {
      "xValue": 3.6,
      "yValue": 0,
      "color": "#1592a5"
    },
    {
      "xValue": 3.7,
      "yValue": 0,
      "color": "#1592a5"
    },
    {
      "xValue": 3.8,
      "yValue": 0,
      "color": "#1592a5"
    },
    {
      "xValue": 3.9,
      "yValue": 0,
      "color": "#1592a5"
    },
    {
      "xValue": 0.1,
      "yValue": 0.01,
      "color": "#1592a5"
    },
    {
      "xValue": 0.2,
      "yValue": 0.02,
      "color": "#1592a5"
    },
    {
      "xValue": 0.3,
      "yValue": 0.03,
      "color": "#1592a5"
    },
    {
      "xValue": 2,
      "yValue": 0,
      "color": "#1592a5"
    },
    {
      "xValue": 3,
      "yValue": 0.80,
      "color": "#1592a5"
    },
    {
      "xValue": 3.2,
      "yValue": 0.80,
      "color": "#1592a5"
    },
    {
      "xValue": 4,
      "yValue": 0.80,
      "color": "#1592a5"
    },
    {
      "xValue": 6,
      "yValue": 0.80,
      "color": "#1592a5"
    },
    {
      "xValue": 28,
      "yValue": 0.80,
      "color": "#1592a5"
    }
  ],
  "scattePlotAxis": [{
    "xAxisText": "AVG TOTAL CASH COMPENSATION",
    "yAxisText": "EMPLOYEE TENURE"
  }]
}
